,Division,Season,Date,HTeam,ATeam,HGoals,AGoals,HHalfGoals,AHalfGoals,HShots,AShots,HShotsTarget,AShotsTarget,HCorners,ACorners,OddH,OddD,OddA,Week
35924,E0,2015,2015-08-08,Bournemouth,Aston Villa,0,1,0,0,11,7,2,3,6,3,1.91,3.5,4.0,813
35925,E0,2015,2015-08-08,Chelsea,Swansea,2,2,2,1,11,18,3,10,4,8,1.4,4.0,10.0,813
35926,E0,2015,2015-08-08,Everton,Watford,2,2,0,1,10,11,5,5,8,2,1.73,3.5,5.0,813
35927,E0,2015,2015-08-08,Leicester,Sunderland,4,2,3,0,19,10,8,5,6,3,2.0,3.1,2.7,813
35928,E0,2015,2015-08-08,Man United,Tottenham,1,0,1,0,9,9,1,4,1,2,1.62,3.6,6.0,813
35929,E0,2015,2015-08-08,Norwich,Crystal Palace,1,3,0,1,17,11,6,7,1,4,2.6,3.1,2.88,813
35930,E0,2015,2015-08-09,Arsenal,West Ham,0,2,0,1,22,8,6,4,5,4,1.3,5.0,11.0,813
35931,E0,2015,2015-08-09,Newcastle,Southampton,2,2,1,1,9,15,4,5,6,6,2.7,3.1,2.7,813
35932,E0,2015,2015-08-09,Stoke,Liverpool,0,1,0,0,7,8,1,3,3,5,3.3,3.1,2.3,813
35933,E0,2015,2015-08-10,West Brom,Man City,0,3,0,2,9,19,2,7,6,6,5.5,3.5,1.7,813
35934,E0,2015,2015-08-14,Aston Villa,Man United,0,1,0,1,5,9,1,2,3,5,5.5,3.6,1.75,814
35935,E0,2015,2015-08-15,Southampton,Everton,0,3,0,2,17,10,4,4,9,9,2.0,3.25,4.0,814
35936,E0,2015,2015-08-15,Sunderland,Norwich,1,3,0,2,6,19,2,6,6,6,2.5,3.0,3.0,814
35937,E0,2015,2015-08-15,Swansea,Newcastle,2,0,1,0,19,4,6,2,4,4,1.95,3.2,4.33,814
35938,E0,2015,2015-08-15,Tottenham,Stoke,2,2,2,0,13,16,7,7,4,3,1.8,3.3,5.0,814
35939,E0,2015,2015-08-15,Watford,West Brom,0,0,0,0,16,6,5,0,2,4,2.3,3.2,3.2,814
35940,E0,2015,2015-08-15,West Ham,Leicester,1,2,0,2,10,11,3,6,8,4,2.3,3.2,3.2,814
35941,E0,2015,2015-08-16,Crystal Palace,Arsenal,1,2,1,1,11,20,4,7,6,6,5.0,3.5,1.75,814
35942,E0,2015,2015-08-16,Man City,Chelsea,3,0,1,0,18,10,8,3,5,1,2.15,3.2,3.6,814
35943,E0,2015,2015-08-17,Liverpool,Bournemouth,1,0,1,0,18,13,2,2,6,8,1.5,4.2,6.5,814
35944,E0,2015,2015-08-22,Crystal Palace,Aston Villa,2,1,0,0,16,11,6,2,6,4,1.85,3.4,4.5,815
35945,E0,2015,2015-08-22,Leicester,Tottenham,1,1,0,0,13,19,2,6,2,7,2.7,3.1,2.7,815
35946,E0,2015,2015-08-22,Man United,Newcastle,0,0,0,0,20,7,8,0,11,5,1.36,5.0,8.0,815
35947,E0,2015,2015-08-22,Norwich,Stoke,1,1,1,1,21,6,7,1,9,0,2.3,3.2,3.1,815
35948,E0,2015,2015-08-22,Sunderland,Swansea,1,1,0,1,10,20,2,9,3,4,3.75,3.2,2.1,815
35949,E0,2015,2015-08-22,West Ham,Bournemouth,3,4,0,2,10,15,4,7,5,4,2.4,3.1,3.1,815
35950,E0,2015,2015-08-23,Everton,Man City,0,2,0,0,10,16,1,9,8,7,5.0,3.5,1.75,815
35951,E0,2015,2015-08-23,Watford,Southampton,0,0,0,0,13,14,0,5,5,2,2.7,3.1,2.7,815
35952,E0,2015,2015-08-23,West Brom,Chelsea,2,3,1,3,15,15,6,5,8,7,6.0,3.4,1.67,815
35953,E0,2015,2015-08-24,Arsenal,Liverpool,0,0,0,0,19,15,5,8,7,8,1.73,3.5,5.0,815
35954,E0,2015,2015-08-29,Aston Villa,Sunderland,2,2,2,1,21,7,6,3,5,4,1.91,3.2,4.5,816
35955,E0,2015,2015-08-29,Bournemouth,Leicester,1,1,1,0,5,4,2,2,4,4,2.2,3.2,3.4,816
35956,E0,2015,2015-08-29,Chelsea,Crystal Palace,1,2,0,0,26,13,9,6,7,7,1.36,4.5,9.5,816
35957,E0,2015,2015-08-29,Liverpool,West Ham,0,3,0,2,13,12,1,5,5,7,1.36,4.5,9.5,816
35958,E0,2015,2015-08-29,Man City,Watford,2,0,0,0,18,7,5,0,9,3,1.22,6.0,13.0,816
35959,E0,2015,2015-08-29,Newcastle,Arsenal,0,1,0,0,1,22,0,9,0,9,6.0,3.6,1.62,816
35960,E0,2015,2015-08-29,Stoke,West Brom,0,1,0,1,13,15,5,5,6,5,1.95,3.25,4.2,816
35961,E0,2015,2015-08-29,Tottenham,Everton,0,0,0,0,20,8,6,3,6,2,2.0,3.25,4.0,816
35962,E0,2015,2015-08-30,Southampton,Norwich,3,0,1,0,23,6,8,1,6,4,2.05,3.25,3.8,816
35963,E0,2015,2015-08-30,Swansea,Man United,2,1,0,0,9,11,4,4,0,1,3.5,3.0,2.25,816
35964,E0,2015,2015-09-12,Arsenal,Stoke,2,0,1,0,29,9,12,4,13,1,1.3,5.0,11.0,818
35965,E0,2015,2015-09-12,Crystal Palace,Man City,0,1,0,0,10,21,2,7,4,4,5.5,3.8,1.62,818
35966,E0,2015,2015-09-12,Everton,Chelsea,3,1,2,1,14,15,9,2,7,14,4.0,3.1,2.05,818
35967,E0,2015,2015-09-12,Man United,Liverpool,3,1,0,0,9,8,3,4,4,4,1.95,3.4,4.5,818
35968,E0,2015,2015-09-12,Norwich,Bournemouth,3,1,1,0,12,7,4,2,4,4,2.4,3.1,3.1,818
35969,E0,2015,2015-09-12,Watford,Swansea,1,0,0,0,17,8,6,3,1,3,2.75,3.0,2.75,818
35970,E0,2015,2015-09-12,West Brom,Southampton,0,0,0,0,8,14,1,4,4,5,3.1,3.0,2.5,818
35971,E0,2015,2015-09-13,Leicester,Aston Villa,3,2,0,1,21,11,6,4,4,5,1.91,3.3,4.33,818
35972,E0,2015,2015-09-13,Sunderland,Tottenham,0,1,0,0,12,15,2,4,6,8,4.2,3.25,1.95,818
35973,E0,2015,2015-09-14,West Ham,Newcastle,2,0,1,0,17,14,3,4,6,7,2.25,3.1,3.4,818
35974,E0,2015,2015-09-19,Aston Villa,West Brom,0,1,0,1,13,11,3,6,2,7,2.3,3.2,3.2,819
35975,E0,2015,2015-09-19,Bournemouth,Sunderland,2,0,2,0,15,9,5,2,7,3,1.73,3.6,5.0,819
35976,E0,2015,2015-09-19,Chelsea,Arsenal,2,0,0,0,22,9,7,2,5,5,2.4,3.1,3.1,819
35977,E0,2015,2015-09-19,Man City,West Ham,1,2,1,2,27,6,8,3,16,3,1.29,5.0,12.0,819
35978,E0,2015,2015-09-19,Newcastle,Watford,1,2,0,2,15,13,5,4,5,5,2.5,3.2,2.9,819
35979,E0,2015,2015-09-19,Stoke,Leicester,2,2,2,0,11,12,4,5,3,4,2.5,3.0,3.0,819
35980,E0,2015,2015-09-19,Swansea,Everton,0,0,0,0,12,17,3,2,2,4,2.3,3.2,3.2,819
35981,E0,2015,2015-09-20,Liverpool,Norwich,1,1,0,0,23,7,7,2,6,2,1.67,3.6,5.5,819
35982,E0,2015,2015-09-20,Southampton,Man United,2,3,1,1,15,10,8,3,5,5,3.0,3.0,2.5,819
35983,E0,2015,2015-09-20,Tottenham,Crystal Palace,1,0,0,0,22,12,6,4,6,5,1.95,3.5,3.8,819
35984,E0,2015,2015-09-26,Leicester,Arsenal,2,5,1,2,16,26,7,12,6,5,4.0,3.75,1.85,820
35985,E0,2015,2015-09-26,Liverpool,Aston Villa,3,2,1,0,21,10,12,4,11,1,1.53,3.8,7.0,820
35986,E0,2015,2015-09-26,Man United,Sunderland,3,0,1,0,12,9,7,4,5,2,1.22,6.0,13.0,820
35987,E0,2015,2015-09-26,Newcastle,Chelsea,2,2,1,0,11,16,5,4,4,6,6.0,3.6,1.62,820
35988,E0,2015,2015-09-26,Southampton,Swansea,3,1,1,0,18,11,7,4,4,3,2.05,3.1,4.0,820
35989,E0,2015,2015-09-26,Stoke,Bournemouth,2,1,1,0,8,11,5,6,3,7,2.5,3.1,3.0,820
35990,E0,2015,2015-09-26,Tottenham,Man City,4,1,1,1,15,22,8,8,5,9,4.0,3.4,1.95,820
35991,E0,2015,2015-09-26,West Ham,Norwich,2,2,1,1,19,16,7,7,7,5,2.3,3.2,3.2,820
35992,E0,2015,2015-09-27,Watford,Crystal Palace,0,1,0,0,15,16,2,3,6,4,2.5,3.1,3.0,820
35993,E0,2015,2015-09-28,West Brom,Everton,2,3,1,0,9,12,4,4,6,4,3.1,3.0,2.5,820
35994,E0,2015,2015-10-03,Aston Villa,Stoke,0,1,0,0,13,12,2,5,9,5,2.5,3.2,2.9,821
35995,E0,2015,2015-10-03,Bournemouth,Watford,1,1,1,1,12,11,6,2,5,3,2.15,3.0,3.75,821
35996,E0,2015,2015-10-03,Chelsea,Southampton,1,3,1,1,10,13,3,5,4,6,1.83,3.2,4.8,821
35997,E0,2015,2015-10-03,Crystal Palace,West Brom,2,0,0,0,21,7,8,2,8,3,1.85,3.1,5.0,821
35998,E0,2015,2015-10-03,Man City,Newcastle,6,1,1,1,23,6,11,4,6,3,1.25,6.0,13.0,821
35999,E0,2015,2015-10-03,Norwich,Leicester,1,2,0,1,17,16,2,5,16,8,2.25,3.4,3.1,821
36000,E0,2015,2015-10-03,Sunderland,West Ham,2,2,2,1,12,20,3,6,1,8,2.9,3.4,2.38,821
36001,E0,2015,2015-10-04,Arsenal,Man United,3,0,3,0,12,9,5,5,3,6,1.95,3.6,3.75,821
36002,E0,2015,2015-10-04,Everton,Liverpool,1,1,1,1,14,13,4,4,5,11,2.75,2.8,2.9,821
36003,E0,2015,2015-10-04,Swansea,Tottenham,2,2,2,1,11,19,2,11,5,6,2.62,3.25,2.7,821
36004,E0,2015,2015-10-17,Chelsea,Aston Villa,2,0,1,0,9,8,3,1,4,4,1.36,4.8,8.5,823
36005,E0,2015,2015-10-17,Crystal Palace,West Ham,1,3,1,1,6,24,1,4,1,9,2.05,3.3,3.75,823
36006,E0,2015,2015-10-17,Everton,Man United,0,3,0,2,12,10,3,7,5,3,3.2,3.0,2.4,823
36007,E0,2015,2015-10-17,Man City,Bournemouth,5,1,4,1,15,5,11,1,1,7,1.36,4.8,8.5,823
36008,E0,2015,2015-10-17,Southampton,Leicester,2,2,2,0,14,26,6,7,6,7,1.8,3.25,5.0,823
36009,E0,2015,2015-10-17,Tottenham,Liverpool,0,0,0,0,13,12,4,3,8,6,2.5,3.3,3.0,823
36010,E0,2015,2015-10-17,Watford,Arsenal,0,3,0,0,8,17,1,6,3,9,6.0,3.6,1.62,823
36011,E0,2015,2015-10-17,West Brom,Sunderland,1,0,0,0,8,9,1,2,1,5,2.1,3.0,4.0,823
36012,E0,2015,2015-10-18,Newcastle,Norwich,6,2,3,2,11,18,6,6,3,7,2.62,3.1,2.8,823
36013,E0,2015,2015-10-19,Swansea,Stoke,0,1,0,1,14,9,2,2,1,2,2.05,3.1,4.0,823
36014,E0,2015,2015-10-24,Arsenal,Everton,2,1,2,1,20,10,5,5,7,5,1.44,4.0,8.0,824
36015,E0,2015,2015-10-24,Aston Villa,Swansea,1,2,0,0,9,11,3,4,4,6,3.0,2.9,2.62,824
36016,E0,2015,2015-10-24,Leicester,Crystal Palace,1,0,0,0,12,9,3,4,3,2,2.3,2.9,3.5,824
36017,E0,2015,2015-10-24,Norwich,West Brom,0,1,0,0,16,7,3,4,13,3,2.05,3.1,4.0,824
36018,E0,2015,2015-10-24,Stoke,Watford,0,2,0,1,12,13,1,3,11,5,2.15,3.1,3.6,824
36019,E0,2015,2015-10-24,West Ham,Chelsea,2,1,1,0,12,8,5,4,7,4,4.0,3.2,2.0,824
36020,E0,2015,2015-10-25,Bournemouth,Tottenham,1,5,1,3,11,14,3,9,4,5,3.5,3.0,2.25,824
36021,E0,2015,2015-10-25,Liverpool,Southampton,1,1,0,0,15,8,2,3,10,7,2.1,3.3,3.9,824
36022,E0,2015,2015-10-25,Man United,Man City,0,0,0,0,6,6,1,1,6,4,2.7,3.2,2.88,824
36023,E0,2015,2015-10-25,Sunderland,Newcastle,3,0,1,0,9,21,3,8,1,10,2.62,3.1,3.0,824
36024,E0,2015,2015-10-31,Chelsea,Liverpool,1,3,1,1,8,16,2,7,1,7,2.1,3.2,3.75,825
36025,E0,2015,2015-10-31,Crystal Palace,Man United,0,0,0,0,10,5,5,1,7,3,4.0,3.0,2.1,825
36026,E0,2015,2015-10-31,Man City,Norwich,2,1,0,0,21,5,5,3,12,4,1.29,5.0,12.0,825
36027,E0,2015,2015-10-31,Newcastle,Stoke,0,0,0,0,15,9,6,2,11,4,2.4,3.1,3.1,825
36028,E0,2015,2015-10-31,Swansea,Arsenal,0,3,0,0,8,15,3,5,4,4,5.0,3.5,1.75,825
36029,E0,2015,2015-10-31,Watford,West Ham,2,0,1,0,20,8,5,3,7,2,2.62,3.1,2.8,825
36030,E0,2015,2015-10-31,West Brom,Leicester,2,3,1,0,14,13,6,5,6,4,2.9,3.0,2.62,825
36031,E0,2015,2015-11-01,Everton,Sunderland,6,2,2,1,15,17,8,9,6,1,1.53,3.8,7.0,825
36032,E0,2015,2015-11-01,Southampton,Bournemouth,2,0,2,0,11,16,2,2,4,6,1.57,3.8,6.0,825
36033,E0,2015,2015-11-02,Tottenham,Aston Villa,3,1,2,0,17,13,6,2,4,3,1.44,4.2,8.0,825
36034,E0,2015,2015-11-07,Bournemouth,Newcastle,0,1,0,1,20,2,5,1,16,0,2.25,3.1,3.4,826
36035,E0,2015,2015-11-07,Leicester,Watford,2,1,0,0,12,8,6,4,4,2,1.83,3.2,4.33,826
36036,E0,2015,2015-11-07,Man United,West Brom,2,0,0,0,13,4,3,0,5,1,1.36,4.0,12.0,826
36037,E0,2015,2015-11-07,Norwich,Swansea,1,0,0,0,9,8,5,0,5,2,2.5,3.1,2.9,826
36038,E0,2015,2015-11-07,Stoke,Chelsea,1,0,0,0,8,19,2,4,1,9,3.75,3.1,2.1,826
36039,E0,2015,2015-11-07,Sunderland,Southampton,0,1,0,0,9,11,3,4,10,11,5.0,3.2,1.8,826
36040,E0,2015,2015-11-07,West Ham,Everton,1,1,1,1,16,13,5,4,3,5,2.62,3.1,2.8,826
36041,E0,2015,2015-11-08,Arsenal,Tottenham,1,1,0,1,10,14,4,4,7,6,1.75,3.4,5.0,826
36042,E0,2015,2015-11-08,Aston Villa,Man City,0,0,0,0,3,13,0,3,3,8,8.0,4.0,1.44,826
36043,E0,2015,2015-11-08,Liverpool,Crystal Palace,1,2,1,1,22,9,4,4,14,6,1.7,3.2,6.0,826
36044,E0,2015,2015-11-21,Chelsea,Norwich,1,0,0,0,21,4,7,2,6,5,1.4,4.5,8.0,828
36045,E0,2015,2015-11-21,Everton,Aston Villa,4,0,3,0,16,10,9,3,2,3,1.57,3.8,6.0,828
36046,E0,2015,2015-11-21,Man City,Liverpool,1,4,1,3,11,14,3,9,11,5,1.7,3.5,5.5,828
36047,E0,2015,2015-11-21,Newcastle,Leicester,0,3,0,1,9,18,1,7,4,9,2.75,3.25,2.6,828
36048,E0,2015,2015-11-21,Southampton,Stoke,0,1,0,1,16,16,1,4,7,3,1.62,3.5,6.5,828
36049,E0,2015,2015-11-21,Swansea,Bournemouth,2,2,2,2,11,16,4,4,4,5,1.95,3.1,4.5,828
36050,E0,2015,2015-11-21,Watford,Man United,1,2,0,1,10,13,5,6,4,10,4.0,3.1,2.05,828
36051,E0,2015,2015-11-21,West Brom,Arsenal,2,1,2,1,4,11,1,3,3,5,6.5,4.0,1.53,828
36052,E0,2015,2015-11-22,Tottenham,West Ham,4,1,2,0,22,10,12,4,7,6,1.6,3.75,6.0,828
36053,E0,2015,2015-11-23,Crystal Palace,Sunderland,0,1,0,0,19,12,7,4,11,2,1.6,3.4,7.0,828
36054,E0,2015,2015-11-28,Aston Villa,Watford,2,3,1,1,12,14,6,6,10,10,2.7,3.1,2.7,829
36055,E0,2015,2015-11-28,Bournemouth,Everton,3,3,0,2,19,11,10,6,10,5,2.9,3.2,2.5,829
36056,E0,2015,2015-11-28,Crystal Palace,Newcastle,5,1,3,1,19,7,8,2,7,5,1.73,3.5,5.0,829
36057,E0,2015,2015-11-28,Leicester,Man United,1,1,1,1,7,10,3,2,1,8,3.1,3.1,2.4,829
36058,E0,2015,2015-11-28,Man City,Southampton,3,1,2,0,16,12,9,8,6,4,1.57,3.8,6.0,829
36059,E0,2015,2015-11-28,Sunderland,Stoke,2,0,0,0,18,7,5,3,9,5,3.1,3.1,2.4,829
36060,E0,2015,2015-11-29,Liverpool,Swansea,1,0,0,0,10,8,2,0,8,7,1.5,4.0,7.0,829
36061,E0,2015,2015-11-29,Norwich,Arsenal,1,1,1,1,7,12,2,3,3,6,5.5,4.0,1.57,829
36062,E0,2015,2015-11-29,Tottenham,Chelsea,0,0,0,0,9,5,4,1,4,4,2.5,3.2,2.9,829
36063,E0,2015,2015-11-29,West Ham,West Brom,1,1,1,0,17,7,6,3,5,2,2.05,3.3,3.75,829
36064,E0,2015,2015-12-05,Arsenal,Sunderland,3,1,1,1,16,11,7,4,3,2,1.29,5.0,12.0,830
36065,E0,2015,2015-12-05,Chelsea,Bournemouth,0,1,0,0,19,15,6,5,11,4,1.36,4.5,9.0,830
36066,E0,2015,2015-12-05,Man United,West Ham,0,0,0,0,21,9,1,2,6,2,1.44,3.8,9.0,830
36067,E0,2015,2015-12-05,Southampton,Aston Villa,1,1,0,1,23,9,5,2,10,4,1.53,3.6,7.5,830
36068,E0,2015,2015-12-05,Stoke,Man City,2,0,2,0,7,11,4,4,1,6,5.5,3.4,1.7,830
36069,E0,2015,2015-12-05,Swansea,Leicester,0,3,0,2,10,16,2,5,3,8,2.8,3.1,2.62,830
36070,E0,2015,2015-12-05,Watford,Norwich,2,0,1,0,14,6,7,1,4,1,2.15,3.1,3.6,830
36071,E0,2015,2015-12-05,West Brom,Tottenham,1,1,1,1,11,9,4,3,3,6,4.5,3.1,1.91,830
36072,E0,2015,2015-12-06,Newcastle,Liverpool,2,0,0,0,6,10,1,1,2,7,5.5,3.75,1.62,830
36073,E0,2015,2015-12-07,Everton,Crystal Palace,1,1,0,0,19,14,4,5,13,6,2.0,3.3,3.75,830
36074,E0,2015,2015-12-12,Bournemouth,Man United,2,1,1,1,11,11,5,5,5,7,3.2,3.2,2.3,831
36075,E0,2015,2015-12-12,Crystal Palace,Southampton,1,0,1,0,12,15,5,3,8,5,2.5,3.1,3.0,831
36076,E0,2015,2015-12-12,Man City,Swansea,2,1,1,0,13,13,5,7,5,5,1.33,4.8,10.0,831
36077,E0,2015,2015-12-12,Norwich,Everton,1,1,0,1,9,15,2,3,5,4,2.9,3.2,2.5,831
36078,E0,2015,2015-12-12,Sunderland,Watford,0,1,0,1,14,13,2,6,8,3,2.75,3.0,2.75,831
36079,E0,2015,2015-12-12,West Ham,Stoke,0,0,0,0,22,12,9,3,11,7,2.62,3.1,2.8,831
36080,E0,2015,2015-12-13,Aston Villa,Arsenal,0,2,0,2,18,8,2,4,5,5,6.5,3.75,1.57,831
36081,E0,2015,2015-12-13,Liverpool,West Brom,2,2,1,1,28,4,8,2,4,4,1.4,4.33,9.0,831
36082,E0,2015,2015-12-13,Tottenham,Newcastle,1,2,1,0,20,8,8,4,6,2,1.4,4.33,9.0,831
36083,E0,2015,2015-12-14,Leicester,Chelsea,2,1,1,0,9,11,5,5,1,8,3.2,3.2,2.3,831
36084,E0,2015,2015-12-19,Chelsea,Sunderland,3,1,2,0,17,11,7,3,2,2,1.3,5.0,11.0,832
36085,E0,2015,2015-12-19,Everton,Leicester,2,3,1,1,13,10,5,5,10,2,2.1,3.3,3.5,832
36086,E0,2015,2015-12-19,Man United,Norwich,1,2,0,1,11,6,2,4,11,0,1.44,4.2,8.0,832
36087,E0,2015,2015-12-19,Newcastle,Aston Villa,1,1,1,0,8,10,4,7,3,7,2.0,3.2,4.0,832
36088,E0,2015,2015-12-19,Southampton,Tottenham,0,2,0,2,11,13,4,6,4,7,2.7,3.1,2.7,832
36089,E0,2015,2015-12-19,Stoke,Crystal Palace,1,2,0,1,26,12,5,3,7,3,2.4,3.1,3.1,832
36090,E0,2015,2015-12-19,West Brom,Bournemouth,1,2,0,0,6,16,2,7,4,8,2.6,3.1,2.8,832
36091,E0,2015,2015-12-20,Swansea,West Ham,0,0,0,0,21,11,2,2,8,9,2.15,3.25,3.5,832
36092,E0,2015,2015-12-20,Watford,Liverpool,3,0,2,0,6,12,5,4,7,9,4.0,3.2,2.0,832
36093,E0,2015,2015-12-21,Arsenal,Man City,2,1,2,0,8,20,5,6,4,8,2.4,3.1,3.1,832
36094,E0,2015,2015-12-26,Aston Villa,West Ham,1,1,0,1,5,10,8,4,9,6,2.7,3.1,2.7,833
36095,E0,2015,2015-12-26,Bournemouth,Crystal Palace,0,0,0,0,10,8,4,0,8,9,2.5,3.2,2.9,833
36096,E0,2015,2015-12-26,Chelsea,Watford,2,2,1,1,17,12,2,3,9,4,1.44,4.2,8.0,833
36097,E0,2015,2015-12-26,Liverpool,Leicester,1,0,0,0,25,7,4,3,7,6,1.95,3.5,3.8,833
36098,E0,2015,2015-12-26,Man City,Sunderland,4,1,3,0,19,11,9,3,5,1,1.22,6.0,13.0,833
36099,E0,2015,2015-12-26,Newcastle,Everton,0,1,0,0,10,20,1,7,1,7,3.25,3.3,2.25,833
36100,E0,2015,2015-12-26,Southampton,Arsenal,4,0,1,0,15,7,5,4,3,4,3.6,3.3,2.1,833
36101,E0,2015,2015-12-26,Stoke,Man United,2,0,2,0,13,11,3,6,1,12,3.1,3.1,2.4,833
36102,E0,2015,2015-12-26,Swansea,West Brom,1,0,1,0,7,9,2,3,0,7,2.05,3.1,4.0,833
36103,E0,2015,2015-12-26,Tottenham,Norwich,3,0,2,0,15,11,10,3,9,4,1.44,4.2,8.0,833
36104,E0,2015,2015-12-28,Arsenal,Bournemouth,2,0,1,0,13,10,6,3,9,3,1.36,4.8,8.5,833
36105,E0,2015,2015-12-28,Crystal Palace,Swansea,0,0,0,0,10,5,2,3,7,4,1.91,3.5,4.0,833
36106,E0,2015,2015-12-28,Everton,Stoke,3,4,1,2,15,8,3,5,6,2,1.95,3.5,3.8,833
36107,E0,2015,2015-12-28,Man United,Chelsea,0,0,0,0,12,8,2,3,5,3,2.62,3.1,3.0,833
36108,E0,2015,2015-12-28,Norwich,Aston Villa,2,0,1,0,9,6,4,3,3,7,2.05,3.4,3.6,833
36109,E0,2015,2015-12-28,Watford,Tottenham,1,2,1,1,9,10,1,3,5,3,3.5,3.25,2.15,833
36110,E0,2015,2015-12-28,West Brom,Newcastle,1,0,0,0,22,7,5,2,18,6,2.25,3.2,3.3,833
36111,E0,2015,2015-12-28,West Ham,Southampton,2,1,0,1,13,15,5,4,4,7,3.4,3.2,2.2,833
36112,E0,2015,2015-12-29,Leicester,Man City,0,0,0,0,11,21,4,5,1,13,3.75,3.75,1.91,833
36113,E0,2015,2015-12-30,Sunderland,Liverpool,0,1,0,0,8,17,3,6,6,4,4.75,3.6,1.75,833
36114,E0,2015,2016-01-02,Arsenal,Newcastle,1,0,0,0,16,15,3,6,7,4,1.3,5.0,11.0,834
36115,E0,2015,2016-01-02,Leicester,Bournemouth,0,0,0,0,16,9,2,0,7,1,1.95,3.4,4.0,834
36116,E0,2015,2016-01-02,Man United,Swansea,2,1,0,0,19,9,6,4,4,2,1.57,3.6,7.0,834
36117,E0,2015,2016-01-02,Norwich,Southampton,1,0,0,0,10,10,1,4,4,9,3.1,3.2,2.38,834
36118,E0,2015,2016-01-02,Sunderland,Aston Villa,3,1,1,0,13,8,6,3,3,3,2.4,3.1,3.1,834
36119,E0,2015,2016-01-02,Watford,Man City,1,2,0,0,11,16,3,5,4,5,5.0,3.6,1.73,834
36120,E0,2015,2016-01-02,West Brom,Stoke,2,1,0,0,16,10,5,3,4,6,2.8,3.1,2.62,834
36121,E0,2015,2016-01-02,West Ham,Liverpool,2,0,1,0,18,23,10,2,3,9,3.8,3.4,2.0,834
36122,E0,2015,2016-01-03,Crystal Palace,Chelsea,0,3,0,1,8,10,4,4,5,7,3.75,3.2,2.1,834
36123,E0,2015,2016-01-03,Everton,Tottenham,1,1,1,1,12,19,3,4,4,4,2.7,3.1,2.7,834
36124,E0,2015,2016-01-12,Aston Villa,Crystal Palace,1,0,0,0,13,9,3,1,9,0,3.1,3.0,2.5,835
36125,E0,2015,2016-01-12,Bournemouth,West Ham,1,3,1,0,11,10,4,5,4,7,2.0,3.4,3.8,835
36126,E0,2015,2016-01-12,Newcastle,Man United,3,3,1,2,14,12,6,4,5,3,5.0,3.3,1.8,835
36127,E0,2015,2016-01-13,Chelsea,West Brom,2,2,1,1,14,13,2,6,7,7,1.44,4.2,8.0,835
36128,E0,2015,2016-01-13,Liverpool,Arsenal,3,3,2,2,22,14,6,5,9,3,2.9,3.2,2.5,835
36129,E0,2015,2016-01-13,Man City,Everton,0,0,0,0,22,7,5,2,12,5,1.53,4.0,6.5,835
36130,E0,2015,2016-01-13,Southampton,Watford,2,0,1,0,15,4,7,1,8,1,2.0,3.2,4.0,835
36131,E0,2015,2016-01-13,Stoke,Norwich,3,1,0,0,14,5,4,2,7,3,2.05,3.1,4.0,835
36132,E0,2015,2016-01-13,Swansea,Sunderland,2,4,2,1,10,7,5,5,8,6,1.8,3.4,4.8,835
36133,E0,2015,2016-01-13,Tottenham,Leicester,0,1,0,0,21,10,5,2,16,8,1.8,3.5,4.5,835
36134,E0,2015,2016-01-16,Aston Villa,Leicester,1,1,0,1,14,12,5,5,3,4,3.4,3.1,2.25,836
36135,E0,2015,2016-01-16,Bournemouth,Norwich,3,0,1,0,15,10,8,3,5,3,1.95,3.1,4.33,836
36136,E0,2015,2016-01-16,Chelsea,Everton,3,3,0,0,14,9,7,4,6,4,1.75,3.5,4.8,836
36137,E0,2015,2016-01-16,Man City,Crystal Palace,4,0,2,0,17,9,4,3,5,6,1.4,4.2,9.0,836
36138,E0,2015,2016-01-16,Newcastle,West Ham,2,1,2,0,23,10,10,3,3,3,2.62,3.1,2.75,836
36139,E0,2015,2016-01-16,Southampton,West Brom,3,0,2,0,9,9,5,0,1,3,1.75,3.25,5.5,836
36140,E0,2015,2016-01-16,Tottenham,Sunderland,4,1,1,1,26,5,11,2,11,3,1.4,4.0,10.0,836
36141,E0,2015,2016-01-17,Liverpool,Man United,0,1,0,0,19,7,4,1,5,4,2.4,3.1,3.1,836
36142,E0,2015,2016-01-17,Stoke,Arsenal,0,0,0,0,14,8,6,3,6,6,4.33,3.1,1.95,836
36143,E0,2015,2016-01-18,Swansea,Watford,1,0,1,0,10,13,2,2,6,3,2.5,3.1,2.9,836
36144,E0,2015,2016-01-23,Crystal Palace,Tottenham,1,3,1,0,11,24,3,11,3,10,3.3,3.3,2.2,837
36145,E0,2015,2016-01-23,Leicester,Stoke,3,0,1,0,15,3,5,2,8,4,2.05,3.25,3.8,837
36146,E0,2015,2016-01-23,Man United,Southampton,0,1,0,0,8,7,1,2,4,4,1.91,3.2,4.5,837
36147,E0,2015,2016-01-23,Norwich,Liverpool,4,5,2,1,6,13,5,7,3,3,4.33,3.25,1.91,837
36148,E0,2015,2016-01-23,Sunderland,Bournemouth,1,1,1,1,10,15,5,5,3,4,3.0,3.0,2.5,837
36149,E0,2015,2016-01-23,Watford,Newcastle,2,1,0,0,13,11,5,2,2,7,2.1,3.2,3.75,837
36150,E0,2015,2016-01-23,West Brom,Aston Villa,0,0,0,0,4,15,0,4,2,6,2.1,3.0,4.0,837
36151,E0,2015,2016-01-23,West Ham,Man City,2,2,1,1,10,16,3,3,5,2,5.0,3.6,1.73,837
36152,E0,2015,2016-01-24,Arsenal,Chelsea,0,1,0,1,9,12,1,6,6,7,2.1,3.2,3.75,837
36153,E0,2015,2016-01-24,Everton,Swansea,1,2,1,2,20,7,2,5,7,1,1.67,3.6,5.5,837
36154,E0,2015,2016-02-02,Arsenal,Southampton,0,0,0,0,21,14,11,3,13,3,1.8,3.2,5.0,838
36155,E0,2015,2016-02-02,Crystal Palace,Bournemouth,1,2,1,1,14,8,3,4,5,3,2.5,3.1,3.0,838
36156,E0,2015,2016-02-02,Leicester,Liverpool,2,0,0,0,13,14,6,2,3,12,2.62,3.1,2.8,838
36157,E0,2015,2016-02-02,Man United,Stoke,3,0,2,0,15,10,5,0,2,5,1.67,3.5,6.0,838
36158,E0,2015,2016-02-02,Norwich,Tottenham,0,3,0,2,10,17,2,6,6,8,4.5,3.4,1.83,838
36159,E0,2015,2016-02-02,Sunderland,Man City,0,1,0,1,11,6,2,2,8,4,7.0,4.0,1.5,838
36160,E0,2015,2016-02-02,West Brom,Swansea,1,1,0,0,17,18,7,4,7,7,2.62,3.0,2.9,838
36161,E0,2015,2016-02-02,West Ham,Aston Villa,2,0,0,0,25,6,6,2,5,5,1.91,3.2,4.33,838
36162,E0,2015,2016-02-03,Everton,Newcastle,3,0,1,0,18,7,7,3,3,3,1.67,3.8,5.0,838
36163,E0,2015,2016-02-03,Watford,Chelsea,0,0,0,0,12,12,3,4,7,7,4.0,3.25,2.0,838
36164,E0,2015,2016-02-06,Aston Villa,Norwich,2,0,1,0,10,12,3,4,2,11,2.4,3.1,3.1,839
36165,E0,2015,2016-02-06,Liverpool,Sunderland,2,2,0,0,16,7,5,2,7,2,1.44,4.2,8.0,839
36166,E0,2015,2016-02-06,Man City,Leicester,1,3,0,1,22,14,4,7,11,4,1.62,3.6,6.0,839
36167,E0,2015,2016-02-06,Newcastle,West Brom,1,0,1,0,19,7,7,0,8,4,2.2,3.3,3.3,839
36168,E0,2015,2016-02-06,Southampton,West Ham,1,0,1,0,8,18,2,2,4,5,1.75,3.5,5.0,839
36169,E0,2015,2016-02-06,Stoke,Everton,0,3,0,3,11,14,3,6,6,4,2.62,3.1,2.8,839
36170,E0,2015,2016-02-06,Swansea,Crystal Palace,1,1,1,0,19,12,3,2,9,5,2.25,3.1,3.4,839
36171,E0,2015,2016-02-06,Tottenham,Watford,1,0,0,0,26,3,9,0,15,1,1.5,4.0,7.0,839
36172,E0,2015,2016-02-07,Bournemouth,Arsenal,0,2,0,2,17,10,4,5,7,3,4.0,3.2,2.0,839
36173,E0,2015,2016-02-07,Chelsea,Man United,1,1,0,0,16,17,5,7,10,11,2.1,3.1,3.8,839
36174,E0,2015,2016-02-13,Bournemouth,Stoke,1,3,0,1,11,11,2,6,9,2,2.05,3.1,4.0,840
36175,E0,2015,2016-02-13,Chelsea,Newcastle,5,1,3,0,15,10,5,4,8,3,1.44,4.2,8.0,840
36176,E0,2015,2016-02-13,Crystal Palace,Watford,1,2,1,1,14,10,7,3,8,5,2.3,3.1,3.3,840
36177,E0,2015,2016-02-13,Everton,West Brom,0,1,0,1,34,5,6,1,14,1,1.53,3.75,7.0,840
36178,E0,2015,2016-02-13,Norwich,West Ham,2,2,0,0,13,11,3,6,3,3,2.5,3.2,2.9,840
36179,E0,2015,2016-02-13,Sunderland,Man United,2,1,1,1,21,12,5,6,6,8,5.0,3.3,1.8,840
36180,E0,2015,2016-02-13,Swansea,Southampton,0,1,0,0,13,13,2,5,5,4,3.0,3.1,2.5,840
36181,E0,2015,2016-02-14,Arsenal,Leicester,2,1,0,1,24,7,6,3,11,1,1.75,3.8,4.5,840
36182,E0,2015,2016-02-14,Aston Villa,Liverpool,0,6,0,2,6,11,1,9,0,6,4.5,3.4,1.85,840
36183,E0,2015,2016-02-14,Man City,Tottenham,1,2,0,0,19,6,4,3,7,1,2.1,3.3,3.6,840
36184,E0,2015,2016-02-27,Leicester,Norwich,1,0,0,0,13,9,3,1,3,4,1.5,4.2,6.5,842
36185,E0,2015,2016-02-27,Southampton,Chelsea,1,2,1,0,7,16,2,4,7,8,2.75,3.2,2.62,842
36186,E0,2015,2016-02-27,Stoke,Aston Villa,2,1,0,0,11,5,3,1,11,0,1.67,3.4,6.0,842
36187,E0,2015,2016-02-27,Watford,Bournemouth,0,0,0,0,14,11,1,3,4,5,2.38,3.25,3.0,842
36188,E0,2015,2016-02-27,West Brom,Crystal Palace,3,2,3,0,11,15,5,2,3,6,2.6,3.0,2.9,842
36189,E0,2015,2016-02-27,West Ham,Sunderland,1,0,1,0,9,13,3,4,5,6,1.83,3.6,4.2,842
36190,E0,2015,2016-02-28,Tottenham,Swansea,2,1,0,1,34,10,14,4,7,7,1.44,4.2,7.5,842
36191,E0,2015,2016-02-28,Man United,Arsenal,3,2,2,1,7,13,5,5,2,3,3.3,3.2,2.25,842
36192,E0,2015,2016-03-01,Aston Villa,Everton,1,3,0,2,14,10,5,7,9,8,4.5,3.4,1.85,842
36193,E0,2015,2016-03-01,Bournemouth,Southampton,2,0,1,0,9,6,4,1,10,2,2.88,3.1,2.62,842
36194,E0,2015,2016-03-01,Leicester,West Brom,2,2,2,1,22,11,5,3,11,3,1.7,3.5,5.5,842
36195,E0,2015,2016-03-01,Norwich,Chelsea,1,2,0,2,13,10,2,2,4,4,5.5,3.6,1.67,842
36196,E0,2015,2016-03-01,Sunderland,Crystal Palace,2,2,1,0,17,13,6,5,4,5,2.5,3.1,3.0,842
36197,E0,2015,2016-03-02,Arsenal,Swansea,1,2,1,1,18,11,4,2,7,3,1.36,4.8,8.5,842
36198,E0,2015,2016-03-02,Liverpool,Man City,3,0,2,0,11,4,7,2,3,2,2.62,3.2,2.8,842
36199,E0,2015,2016-03-02,Man United,Watford,1,0,0,0,14,13,3,3,9,7,1.67,3.4,6.0,842
36200,E0,2015,2016-03-02,Stoke,Newcastle,1,0,0,0,9,5,2,3,5,2,1.95,3.4,4.0,842
36201,E0,2015,2016-03-02,West Ham,Tottenham,1,0,1,0,14,9,3,2,6,3,4.0,3.2,2.0,842
36202,E0,2015,2016-03-05,Chelsea,Stoke,1,1,1,0,20,16,7,5,8,4,1.53,3.75,7.0,843
36203,E0,2015,2016-03-05,Everton,West Ham,2,3,1,0,15,17,8,5,9,6,1.75,3.5,5.0,843
36204,E0,2015,2016-03-05,Man City,Aston Villa,4,0,0,0,22,2,9,1,9,1,1.22,5.5,17.0,843
36205,E0,2015,2016-03-05,Newcastle,Bournemouth,1,3,0,1,14,16,3,5,5,4,2.62,3.1,2.8,843
36206,E0,2015,2016-03-05,Southampton,Sunderland,1,1,0,0,16,11,5,3,12,2,1.62,3.6,6.0,843
36207,E0,2015,2016-03-05,Swansea,Norwich,1,0,0,0,10,8,3,3,5,0,2.05,3.1,4.0,843
36208,E0,2015,2016-03-05,Tottenham,Arsenal,2,2,0,1,26,10,11,4,9,2,2.4,3.1,3.1,843
36209,E0,2015,2016-03-05,Watford,Leicester,0,1,0,0,11,14,4,7,3,8,2.8,3.1,2.62,843
36210,E0,2015,2016-03-06,Crystal Palace,Liverpool,1,2,0,0,14,19,4,5,6,6,3.75,3.1,2.15,843
36211,E0,2015,2016-03-06,West Brom,Man United,1,0,0,0,9,7,2,1,4,5,4.0,3.2,2.0,843
36212,E0,2015,2016-03-12,Bournemouth,Swansea,3,2,1,1,12,12,4,4,5,3,2.0,3.2,4.0,844
36213,E0,2015,2016-03-12,Norwich,Man City,0,0,0,0,5,15,0,3,3,8,6.0,3.6,1.62,844
36214,E0,2015,2016-03-12,Stoke,Southampton,1,2,0,2,13,11,2,4,1,4,2.7,3.1,2.7,844
36215,E0,2015,2016-03-13,Aston Villa,Tottenham,0,2,0,1,11,19,2,8,5,8,7.0,4.0,1.5,844
36216,E0,2015,2016-03-14,Leicester,Newcastle,1,0,1,0,10,13,1,2,8,4,1.62,3.6,6.0,844
36217,E0,2015,2016-03-19,Chelsea,West Ham,2,2,1,1,22,13,5,6,10,9,1.73,3.6,5.0,845
36218,E0,2015,2016-03-19,Crystal Palace,Leicester,0,1,0,1,12,8,4,3,10,7,3.0,3.1,2.5,845
36219,E0,2015,2016-03-19,Everton,Arsenal,0,2,0,2,8,11,2,3,7,5,2.5,3.6,2.6,845
36220,E0,2015,2016-03-19,Swansea,Aston Villa,1,0,0,0,10,12,1,2,4,6,1.67,3.4,6.0,845
36221,E0,2015,2016-03-19,Watford,Stoke,1,2,0,1,9,9,4,6,9,2,2.5,3.0,3.1,845
36222,E0,2015,2016-03-19,West Brom,Norwich,0,1,0,0,10,7,0,1,4,3,2.25,3.2,3.3,845
36223,E0,2015,2016-03-20,Man City,Man United,0,1,0,1,26,5,2,3,11,5,1.85,3.4,4.5,845
36224,E0,2015,2016-03-20,Newcastle,Sunderland,1,1,0,1,17,14,8,4,2,5,2.2,3.1,3.5,845
36225,E0,2015,2016-03-20,Southampton,Liverpool,3,2,0,2,16,18,5,9,3,5,2.75,3.0,2.75,845
36226,E0,2015,2016-03-20,Tottenham,Bournemouth,3,0,2,0,17,2,8,0,4,5,1.57,3.75,6.5,845
36227,E0,2015,2016-04-02,Arsenal,Watford,4,0,2,0,19,6,12,2,8,3,1.36,4.8,8.5,847
36228,E0,2015,2016-04-02,Aston Villa,Chelsea,0,4,0,2,15,11,4,8,7,2,6.5,3.75,1.57,847
36229,E0,2015,2016-04-02,Bournemouth,Man City,0,4,0,3,11,15,2,7,4,4,3.75,3.3,2.05,847
36230,E0,2015,2016-04-02,Liverpool,Tottenham,1,1,0,0,15,18,7,5,12,9,2.6,3.0,2.9,847
36231,E0,2015,2016-04-02,Norwich,Newcastle,3,2,1,0,13,13,6,5,6,5,2.25,3.25,3.2,847
36232,E0,2015,2016-04-02,Stoke,Swansea,2,2,1,0,12,12,5,3,5,5,2.2,3.3,3.3,847
36233,E0,2015,2016-04-02,Sunderland,West Brom,0,0,0,0,22,3,7,0,9,3,2.05,3.1,4.0,847
36234,E0,2015,2016-04-02,West Ham,Crystal Palace,2,2,2,1,18,12,6,5,4,5,2.0,3.2,4.0,847
36235,E0,2015,2016-04-03,Leicester,Southampton,1,0,1,0,11,10,4,2,7,8,2.3,3.2,3.2,847
36236,E0,2015,2016-04-03,Man United,Everton,1,0,0,0,10,7,2,1,5,5,2.1,3.1,3.8,847
36237,E0,2015,2016-04-09,Aston Villa,Bournemouth,1,2,0,1,6,12,1,3,3,8,3.5,3.25,2.15,848
36238,E0,2015,2016-04-09,Crystal Palace,Norwich,1,0,0,0,13,13,6,4,10,4,2.0,3.4,3.8,848
36239,E0,2015,2016-04-09,Man City,West Brom,2,1,1,1,13,13,4,2,8,8,1.33,4.8,10.0,848
36240,E0,2015,2016-04-09,Southampton,Newcastle,3,1,2,0,20,5,6,3,11,2,1.57,3.75,6.5,848
36241,E0,2015,2016-04-09,Swansea,Chelsea,1,0,1,0,12,8,6,2,1,9,3.8,3.3,2.0,848
36242,E0,2015,2016-04-09,Watford,Everton,1,1,1,1,13,12,5,7,7,6,3.5,3.25,2.15,848
36243,E0,2015,2016-04-09,West Ham,Arsenal,3,3,2,2,19,11,7,6,7,4,3.5,3.6,2.0,848
36244,E0,2015,2016-04-10,Liverpool,Stoke,4,1,2,1,14,10,6,3,6,3,1.6,3.75,6.0,848
36245,E0,2015,2016-04-10,Sunderland,Leicester,0,2,0,0,15,17,1,7,1,7,3.5,3.25,2.15,848
36246,E0,2015,2016-04-10,Tottenham,Man United,3,0,0,0,16,5,8,1,2,7,1.95,3.5,3.8,848
36247,E0,2015,2016-04-13,Crystal Palace,Everton,0,0,0,0,18,9,6,5,10,7,2.8,3.1,2.6,848
36248,E0,2015,2016-04-16,Chelsea,Man City,0,3,0,1,11,11,4,8,11,3,2.7,3.1,2.7,849
36249,E0,2015,2016-04-16,Everton,Southampton,1,1,0,0,7,18,2,4,3,10,2.7,3.1,2.7,849
36250,E0,2015,2016-04-16,Man United,Aston Villa,1,0,1,0,13,7,4,1,14,3,1.25,5.5,13.0,849
36251,E0,2015,2016-04-16,Newcastle,Swansea,3,0,1,0,12,11,7,1,3,7,2.3,3.2,3.2,849
36252,E0,2015,2016-04-16,Norwich,Sunderland,0,3,0,1,19,8,6,3,14,0,2.4,3.1,3.1,849
36253,E0,2015,2016-04-16,West Brom,Watford,0,1,0,1,16,11,4,4,9,3,2.4,3.1,3.1,849
36254,E0,2015,2016-04-17,Arsenal,Crystal Palace,1,1,1,0,21,7,6,2,10,5,1.35,4.8,9.0,849
36255,E0,2015,2016-04-17,Bournemouth,Liverpool,1,2,0,2,18,19,5,6,5,4,3.5,3.25,2.15,849
36256,E0,2015,2016-04-17,Leicester,West Ham,2,2,1,0,6,19,2,4,0,5,1.91,3.3,4.2,849
36257,E0,2015,2016-04-18,Stoke,Tottenham,0,4,0,1,12,23,2,6,5,3,4.5,3.4,1.85,849
36258,E0,2015,2016-04-19,Newcastle,Man City,1,1,1,1,5,9,3,5,5,3,6.0,3.8,1.57,849
36259,E0,2015,2016-04-20,Liverpool,Everton,4,0,2,0,37,3,13,0,9,1,1.7,3.6,5.0,849
36260,E0,2015,2016-04-20,Man United,Crystal Palace,2,0,1,0,16,5,10,0,10,2,1.53,3.8,7.0,849
36261,E0,2015,2016-04-20,West Ham,Watford,3,1,2,0,18,7,7,4,4,2,1.53,4.0,6.5,849
36262,E0,2015,2016-04-21,Arsenal,West Brom,2,0,2,0,16,8,7,1,2,6,1.29,5.0,12.0,850
36263,E0,2015,2016-04-23,Aston Villa,Southampton,2,4,1,2,16,17,7,7,6,11,7.0,3.6,1.57,850
36264,E0,2015,2016-04-23,Bournemouth,Chelsea,1,4,1,2,13,16,4,4,10,7,3.1,3.1,2.4,850
36265,E0,2015,2016-04-23,Liverpool,Newcastle,2,2,2,0,13,6,4,3,5,4,1.6,4.0,5.5,850
36266,E0,2015,2016-04-23,Man City,Stoke,4,0,2,0,11,14,6,2,9,4,1.33,5.0,9.0,850
36267,E0,2015,2016-04-24,Leicester,Swansea,4,0,2,0,18,9,9,1,4,6,1.75,3.5,5.0,850
36268,E0,2015,2016-04-24,Sunderland,Arsenal,0,0,0,0,12,20,3,7,7,7,4.5,3.5,1.8,850
36269,E0,2015,2016-04-25,Tottenham,West Brom,1,1,1,0,19,16,2,3,9,7,1.25,5.5,13.0,850
36270,E0,2015,2016-04-30,Arsenal,Norwich,1,0,0,0,14,12,3,3,7,3,1.29,5.0,12.0,851
36271,E0,2015,2016-04-30,Everton,Bournemouth,2,1,1,1,12,16,5,2,3,5,2.05,3.1,4.0,851
36272,E0,2015,2016-04-30,Newcastle,Crystal Palace,1,0,0,0,10,9,4,3,4,8,2.05,3.1,4.0,851
36273,E0,2015,2016-04-30,Stoke,Sunderland,1,1,0,0,11,14,3,5,2,8,2.62,3.1,2.8,851
36274,E0,2015,2016-04-30,Watford,Aston Villa,3,2,1,1,18,7,6,2,8,4,1.7,3.5,5.5,851
36275,E0,2015,2016-04-30,West Brom,West Ham,0,3,0,2,15,8,5,4,8,6,3.7,3.2,2.1,851
36276,E0,2015,2016-05-01,Man United,Leicester,1,1,1,1,21,14,6,3,6,5,2.15,3.1,3.6,851
36277,E0,2015,2016-05-01,Southampton,Man City,4,2,2,1,14,6,7,5,8,2,2.75,3.1,2.7,851
36278,E0,2015,2016-05-01,Swansea,Liverpool,3,1,2,0,18,11,9,3,4,7,3.1,3.1,2.4,851
36279,E0,2015,2016-05-02,Chelsea,Tottenham,2,2,0,2,13,16,5,5,7,8,2.75,3.1,2.7,851
36280,E0,2015,2016-05-07,Aston Villa,Newcastle,0,0,0,0,2,9,0,3,0,5,6.0,3.6,1.62,852
36281,E0,2015,2016-05-07,Bournemouth,West Brom,1,1,0,1,12,12,4,4,5,3,1.91,3.2,4.33,852
36282,E0,2015,2016-05-07,Crystal Palace,Stoke,2,1,0,1,17,12,4,3,4,3,2.1,3.25,3.6,852
36283,E0,2015,2016-05-07,Leicester,Everton,3,1,2,0,32,9,8,5,12,4,1.91,3.2,4.33,852
36284,E0,2015,2016-05-07,Norwich,Man United,0,1,0,0,8,15,2,2,1,6,4.5,3.1,1.91,852
36285,E0,2015,2016-05-07,Sunderland,Chelsea,3,2,1,2,15,9,4,8,3,3,3.0,3.2,2.38,852
36286,E0,2015,2016-05-07,West Ham,Swansea,1,4,0,2,25,13,7,6,13,3,1.44,4.33,7.0,852
36287,E0,2015,2016-05-08,Liverpool,Watford,2,0,1,0,19,14,5,3,8,8,1.5,4.0,7.0,852
36288,E0,2015,2016-05-08,Man City,Arsenal,2,2,1,1,14,5,3,2,7,2,2.5,3.1,2.9,852
36289,E0,2015,2016-05-08,Tottenham,Southampton,1,2,1,1,20,10,6,2,10,2,1.91,3.4,4.0,852
36290,E0,2015,2016-05-10,West Ham,Man United,3,2,1,0,20,3,6,2,6,2,3.0,3.25,2.4,852
36291,E0,2015,2016-05-11,Liverpool,Chelsea,1,1,0,1,28,13,9,7,7,3,1.95,3.5,3.75,852
36292,E0,2015,2016-05-11,Norwich,Watford,4,2,3,1,18,12,6,7,5,1,1.8,3.3,5.0,852
36293,E0,2015,2016-05-11,Sunderland,Everton,3,0,2,0,14,17,8,6,5,5,1.73,3.5,5.0,852
36294,E0,2015,2016-05-15,Arsenal,Aston Villa,4,0,1,0,16,5,7,2,5,4,1.14,7.5,19.0,853
36295,E0,2015,2016-05-15,Chelsea,Leicester,1,1,0,0,17,18,4,5,7,6,2.3,3.3,3.1,853
36296,E0,2015,2016-05-15,Everton,Norwich,3,0,2,0,15,10,8,2,4,11,1.75,3.75,4.5,853
36297,E0,2015,2016-05-15,Newcastle,Tottenham,5,1,2,0,19,17,10,5,3,8,4.5,3.4,1.83,853
36298,E0,2015,2016-05-15,Southampton,Crystal Palace,4,1,1,0,18,16,5,4,2,5,1.36,4.8,8.0,853
36299,E0,2015,2016-05-15,Stoke,West Ham,2,1,0,1,7,20,4,7,4,10,3.5,3.1,2.2,853
36300,E0,2015,2016-05-15,Swansea,Man City,1,1,1,1,4,18,1,5,4,4,5.5,4.33,1.53,853
36301,E0,2015,2016-05-15,Watford,Sunderland,2,2,0,1,21,6,6,4,7,4,1.95,3.75,3.6,853
36302,E0,2015,2016-05-15,West Brom,Liverpool,1,1,1,1,13,7,1,3,7,5,2.4,3.1,3.1,853
36303,E0,2015,2016-05-17,Man United,Bournemouth,3,1,1,0,12,7,5,0,7,1,1.67,4.0,4.75,853
